YEAR,MO,DY,WS,WD,LV ActivePower (kW)
2018,1,1,2.49,291.62,0.0
2018,1,2,2.15,162.69,0.004142011106
2018,1,3,2.75,151.25,0.122211784118
2018,1,4,3.38,148.62,27.943853504279993
2018,1,5,3.09,178.19,7.991390838581999
2018,1,6,3.9,329.62,89.81207330686004
2018,1,7,2.14,312.31,0.0
2018,1,8,1.99,333.94,0.0
2018,1,9,2.5,332.69,0.0
2018,1,10,1.59,324.94,0.0
2018,1,11,2.65,289.5,0.145311330693
2018,1,12,2.7,292.38,0.15149729589480002
2018,1,13,3.88,250.25,77.82397289599997
2018,1,14,2.73,217.19,7.292604237520002
2018,1,15,3.91,268.81,59.57390619300005
2018,1,16,5.25,168.88,354.555555427
2018,1,17,8.88,158.81,1815.9262452499997
2018,1,18,4.36,254.69,101.080362242
2018,1,19,4.1,326.44,67.69358527802
2018,1,20,4.39,307.5,146.47799729100007
2018,1,21,5.54,200.69,382.01018615900017
2018,1,22,2.04,163.62,0.0
2018,1,23,5.98,221.31,533.8255502499992
2018,1,24,5.52,204.0,369.4627981419998
2018,1,25,3.82,230.12,35.20954387790002
2018,1,26,4.12,181.56,112.22774593599999
2018,1,27,2.34,189.88,1.61859045093
2018,1,28,2.59,156.69,0.37007195471000004
2018,1,29,3.65,221.19,30.939939574200004
2018,1,30,6.33,286.56,658.679599622
2018,1,31,4.92,221.38,234.76368667600013
2018,2,1,3.81,204.31,28.720370674
2018,2,2,4.77,293.69,128.617356796
2018,2,3,4.87,230.38,180.30752167099988
2018,2,4,5.25,319.12,299.9665320303999
2018,2,5,2.41,199.44,0.6530325317260001
2018,2,6,5.12,232.62,322.5069401449997
2018,2,7,3.2,283.31,11.343710484330007
2018,2,8,3.05,316.31,2.861779055569999
2018,2,9,2.66,194.25,0.4797821189759999
2018,2,10,7.35,99.19,974.8578868949996
2018,2,11,6.79,112.06,777.662488980999
2018,2,12,5.39,112.25,457.7864517210001
2018,2,13,6.43,93.06,959.8796128719997
2018,2,14,4.02,337.12,92.39900345470012
2018,2,15,3.59,263.94,24.99890126119998
2018,2,16,3.88,277.94,79.06193663670003
2018,2,17,1.63,310.19,0.0
2018,2,18,3.9,249.69,90.8461156837999
2018,2,19,2.6,207.62,1.3556054305709995
2018,2,20,3.23,192.62,10.906141689269997
2018,2,21,4.94,135.69,233.41406736299993
2018,2,22,4.79,121.81,170.87516076399987
2018,2,23,6.0,126.31,493.09556336599957
2018,2,24,7.23,221.06,1026.9927959059996
2018,2,25,4.1,333.38,78.49983855841998
2018,2,26,5.15,257.06,293.76582977700025
2018,2,27,3.3,229.69,11.643143363224
2018,2,28,3.65,252.81,31.455420759899994
2018,3,1,3.8,169.94,62.13437438959998
2018,3,2,6.41,164.69,731.8334667870007
2018,3,3,4.89,73.12,183.98306122499994
2018,3,4,3.41,180.12,16.611636080129998
2018,3,5,3.1,158.56,3.5752855685999987
2018,3,6,5.09,318.19,278.31073578399986
2018,3,7,2.48,173.75,0.0476881206
2018,3,8,5.78,174.19,480.65695037700027
2018,3,9,4.27,295.62,63.17240287900002
2018,3,10,2.3,249.19,0.3685512035286
2018,3,11,4.59,276.25,192.562710277
2018,3,12,4.15,139.62,101.2086300003
2018,3,13,6.77,166.75,711.2446182109996
2018,3,14,4.68,181.0,233.96162063999975
2018,3,15,4.87,135.31,230.48797696899993
2018,3,16,1.95,182.0,0.0
2018,3,17,3.48,280.75,22.680353612960012
2018,3,18,2.6,114.31,1.3275674771400003
2018,3,19,6.07,145.94,579.7970437669999
2018,3,20,6.55,86.62,953.011900004
2018,3,21,7.55,149.06,1133.42150007
2018,3,22,3.42,69.56,17.741772347390008
2018,3,23,2.92,256.88,4.896223825194999
2018,3,24,3.16,328.38,0.72407707211
2018,3,25,4.51,284.94,61.49734771100004
2018,3,26,3.95,279.19,58.540665420820034
2018,3,27,2.48,100.62,0.432921727044
2018,3,28,4.05,174.38,79.47191631490004
2018,3,29,5.96,303.56,494.1656201189998
2018,3,30,6.1,318.56,604.9261935619992
2018,3,31,4.49,265.5,162.23557953300005
2018,4,1,4.67,149.75,146.70035247000007
2018,4,2,6.87,221.69,815.9272924899997
2018,4,3,5.16,158.31,262.32597563
2018,4,4,6.05,146.88,592.9461447179998
2018,4,5,3.13,153.25,14.412955999500005
2018,4,6,6.72,191.75,628.2852715999999
2018,4,7,6.29,84.5,886.4836852799998
2018,4,8,7.52,138.31,989.0154462630002
2018,4,9,4.84,184.94,249.9339045749998
2018,4,10,5.46,146.44,351.6975945920001
2018,4,11,8.12,59.44,1464.275501750001
2018,4,12,3.62,215.62,40.66287748009004
2018,4,13,3.16,179.94,2.9477077650159997
2018,4,14,3.92,175.81,61.175511548599964
2018,4,15,8.4,142.94,1573.0218540900005
2018,4,16,7.3,89.06,1100.7726458250002
2018,4,17,5.81,201.31,457.16547578300043
2018,4,18,3.47,182.38,10.257297410650004
2018,4,19,3.81,215.25,42.70015779479999
2018,4,20,6.3,182.31,641.118084094001
2018,4,21,3.68,266.06,21.888028507699996
2018,4,22,3.84,324.44,56.746423572680015
2018,4,23,5.23,305.81,310.5353170027995
2018,4,24,3.4,267.0,11.382053515008993
2018,4,25,3.79,256.19,49.33226579129001
2018,4,26,4.08,256.0,87.61800003229995
2018,4,27,3.13,166.69,10.113124514993999
2018,4,28,2.73,140.69,0.8667897322
2018,4,29,2.1,219.25,0.02533077002
2018,4,30,4.39,253.56,162.8040215960002
2018,5,1,5.6,140.75,420.5072207640003
2018,5,2,7.95,102.25,1254.5561060019998
2018,5,3,6.62,82.31,1009.610815405001
2018,5,4,7.43,135.31,998.6428051460008
2018,5,5,6.39,111.56,569.5634723069998
2018,5,6,5.78,128.69,463.8828970380002
2018,5,7,7.36,85.19,1118.230577930001
2018,5,8,5.25,208.12,321.92464166110017
2018,5,9,4.03,172.44,78.06021572349998
2018,5,10,3.29,216.12,12.269177418019995
2018,5,11,6.53,253.62,639.2265385280002
2018,5,12,11.82,240.62,2549.3525781900007
2018,5,13,4.35,137.94,183.03150479999994
2018,5,14,8.69,131.0,1758.9534752400014
2018,5,15,7.98,68.0,1370.9439865999998
2018,5,16,5.64,261.12,445.1272909419999
2018,5,17,5.84,200.75,431.7055679309999
2018,5,18,7.21,220.44,984.9440629759997
2018,5,19,6.91,123.5,891.5534503289999
2018,5,20,5.78,137.25,452.9184722980002
2018,5,21,7.23,148.31,1055.3769108329998
2018,5,22,6.92,207.25,891.8241632259998
2018,5,23,2.52,255.44,0.0
2018,5,24,3.41,255.5,11.075038050864002
2018,5,25,3.54,273.12,37.17696641212002
2018,5,26,4.78,190.38,247.9493801919999
2018,5,27,2.75,219.0,1.5492280080577
2018,5,28,2.0,229.12,0.0
2018,5,29,8.5,86.19,1365.8197486179997
2018,5,30,7.0,233.5,976.6263611189995
2018,5,31,4.25,194.0,154.24540877660013
2018,6,1,7.02,138.81,920.2703558340003
2018,6,2,5.0,173.38,260.87248323100016
2018,6,3,3.28,255.94,15.046133464327996
2018,6,4,3.48,191.06,34.45059672088001
2018,6,5,3.5,138.12,35.31538953624
2018,6,6,5.2,205.31,239.9923853486999
2018,6,7,4.31,215.69,145.45167625420007
2018,6,8,3.75,225.5,74.45452336319998
2018,6,9,5.74,153.38,424.7728039530003
2018,6,10,3.81,242.44,57.94680904110005
2018,6,11,7.66,213.69,1277.294175959999
2018,6,12,4.85,279.75,235.20482979780024
2018,6,13,5.32,265.31,329.1916534417999
2018,6,14,5.73,219.19,477.1710207919999
2018,6,15,3.96,170.44,99.7407384284
2018,6,16,5.83,148.88,482.9233096519995
2018,6,17,4.35,174.25,150.0469390388
2018,6,18,2.47,271.06,0.5829755401100002
2018,6,19,2.02,264.31,0.0
2018,6,20,3.67,175.12,33.3111215789
2018,6,21,2.24,190.94,0.0
2018,6,22,8.73,220.81,1754.6747876999998
2018,6,23,7.17,231.12,986.872765421
2018,6,24,3.44,229.25,18.991925048199995
2018,6,25,4.18,239.88,51.925072379359996
2018,6,26,6.77,184.38,718.8329913249996
2018,6,27,6.57,184.44,776.9764513970008
2018,6,28,7.77,137.06,1211.4920482100001
2018,6,29,5.84,124.06,418.363209528
2018,6,30,4.2,147.0,119.9621416234
2018,7,1,6.29,235.38,384.86453368599985
2018,7,2,5.48,169.12,238.1349906889999
2018,7,3,4.35,139.0,182.44246572199995
2018,7,4,5.34,157.94,343.5818459860002
2018,7,5,2.98,172.69,2.785030265356003
2018,7,6,1.45,279.31,0.0
2018,7,7,5.09,226.5,290.4732501240002
2018,7,8,4.03,182.5,63.34984172950001
2018,7,9,5.19,176.69,250.82426790699995
2018,7,10,5.66,152.69,360.300379333
2018,7,11,4.66,153.06,167.37333586600008
2018,7,12,6.48,159.69,733.2936279270004
2018,7,13,7.02,175.5,981.4984491380005
2018,7,14,5.52,198.31,360.451328114
2018,7,15,6.16,205.94,568.1568154930001
2018,7,16,4.62,196.06,166.42806428600008
2018,7,17,5.03,166.75,311.1433756979996
2018,7,18,4.8,195.25,238.73507049800006
2018,7,19,5.77,177.94,495.36216552799965
2018,7,20,3.01,187.94,5.91457394133
2018,7,21,5.05,187.94,280.53977692000007
2018,7,22,5.55,185.56,391.2308865179999
2018,7,23,5.34,172.19,337.5624618509999
2018,7,24,3.88,196.81,66.43829788189994
2018,7,25,6.2,171.31,628.105186785
2018,7,26,4.17,171.5,111.50310871260004
2018,7,27,5.9,184.5,365.126007369
2018,7,28,3.07,178.88,14.278340534088002
2018,7,29,2.31,173.5,0.20064411343999994
2018,7,30,2.95,185.5,7.417057979211003
2018,7,31,2.91,171.0,1.5551250779639993
2018,8,1,3.43,147.38,12.1857146985
2018,8,2,2.64,175.25,7.348654945343994
2018,8,3,2.8,192.62,5.61425832315
2018,8,4,2.83,202.75,4.173937274254001
2018,8,5,3.65,207.81,43.9217580403
2018,8,6,5.46,191.69,430.42005430599966
2018,8,7,5.33,172.19,328.83639832699987
2018,8,8,6.22,129.44,621.3729138109991
2018,8,9,3.32,120.31,26.994982403719995
2018,8,10,2.78,195.19,5.287309413229998
2018,8,11,3.58,190.38,37.74992313491
2018,8,12,4.21,192.56,97.05536323229997
2018,8,13,5.35,164.06,350.71319669600007
2018,8,14,4.84,177.12,229.5006436259999
2018,8,15,5.19,175.69,267.97377291199996
2018,8,16,5.0,120.0,264.8511248830002
2018,8,17,4.0,142.38,32.84640315850001
2018,8,18,6.34,98.62,823.3223596579998
2018,8,19,2.55,185.06,0.28119334442300015
2018,8,20,4.36,187.38,124.9250176304001
2018,8,21,4.23,173.12,75.07884368110001
2018,8,22,5.26,175.94,321.07405701799996
2018,8,23,3.23,183.88,8.540890120129994
2018,8,24,4.77,163.62,193.96502031000003
2018,8,25,4.34,171.25,160.30543052200002
2018,8,26,5.59,163.06,421.94998475100016
2018,8,27,4.66,179.0,214.1148513759999
2018,8,28,5.1,166.69,291.75133834999997
2018,8,29,5.44,165.5,323.1775240790004
2018,8,30,5.57,146.69,370.54243835400007
2018,8,31,6.65,123.38,736.605029318
2018,9,1,6.08,164.19,597.9472906579996
2018,9,2,5.15,155.88,268.3616828809999
2018,9,3,5.59,121.56,431.25310180300033
2018,9,4,4.95,145.69,252.79418532400004
2018,9,5,5.12,138.69,299.22081528800015
2018,9,6,2.92,132.62,5.183982358159998
2018,9,7,4.62,129.81,123.62098846800014
2018,9,8,5.95,129.56,486.0654586840003
2018,9,9,6.4,127.81,625.0665063349993
2018,9,10,5.42,200.56,378.46950470799993
2018,9,11,4.71,189.5,192.69816916369982
2018,9,12,6.77,187.69,725.4598107939995
2018,9,13,5.26,187.62,312.16133820999994
2018,9,14,3.05,136.12,1.417277458207
2018,9,15,4.72,133.25,205.1837044589998
2018,9,16,2.77,160.69,0.58583088639
2018,9,17,2.14,267.75,0.0001733289660000001
2018,9,18,3.16,189.69,11.851118381999996
2018,9,19,1.98,128.88,1.31312894825
2018,9,20,6.59,165.38,712.0868292270005
2018,9,21,4.4,126.56,149.61965339099999
2018,9,22,7.64,111.44,1318.693616944
2018,9,23,5.3,113.06,483.84239502299977
2018,9,24,6.09,217.62,477.59143309100034
2018,9,25,5.06,216.12,273.56483506699993
2018,9,26,4.55,231.62,220.88776427099984
2018,9,27,4.66,185.75,213.56491531699987
2018,9,28,5.52,136.25,383.175898742
2018,9,29,5.45,108.62,398.1294998140004
2018,9,30,3.19,184.75,6.840135221999998
2018,10,1,3.23,152.06,5.584160387230001
2018,10,2,2.09,159.31,0.0
2018,10,3,4.27,156.38,134.90491071199992
2018,10,4,3.12,100.12,2.8006143189
2018,10,5,3.02,204.62,3.996719012771996
2018,10,6,3.39,252.12,13.274120382769995
2018,10,7,2.0,269.38,0.0
2018,10,8,4.59,130.94,79.74457466400001
2018,10,9,5.61,310.25,421.6256063240001
2018,10,10,4.09,339.75,111.62136541150008
2018,10,11,4.52,220.12,145.10749007699997
2018,10,12,2.62,242.69,5.8397041143234
2018,10,13,3.02,275.69,0.49368446346999995
2018,10,14,1.73,299.25,0.0
2018,10,15,3.3,133.44,3.7694068297780006
2018,10,16,5.04,142.5,273.986193233
2018,10,17,4.59,177.69,173.52387223599996
2018,10,18,4.12,193.56,108.37631752074002
2018,10,19,3.81,226.62,59.241322780600036
2018,10,20,2.19,241.0,0.0061326634869999985
2018,10,21,2.87,242.25,0.0
2018,10,22,3.52,292.38,13.441777574159998
2018,10,23,3.61,139.0,15.437071351479995
2018,10,24,1.91,104.88,0.0
2018,10,25,3.79,139.88,12.267837924699997
2018,10,26,3.34,196.81,27.354526225156004
2018,10,27,3.08,264.5,12.265722599430005
2018,10,28,3.25,231.88,14.748699807318701
2018,10,29,2.95,253.62,1.77837498446
2018,10,30,4.31,192.5,138.40586198929995
2018,10,31,2.73,138.19,0.20075663569
2018,11,1,2.94,159.12,1.73365592474
2018,11,2,3.91,77.44,48.107057589100016
2018,11,3,8.54,227.88,1734.5931922600003
2018,11,4,5.23,296.62,285.80517280879957
2018,11,5,2.71,278.25,0.003539307621199994
2018,11,6,3.85,314.94,70.45766216320001
2018,11,7,3.95,181.25,83.49972089279996
2018,11,8,3.45,106.31,53.6272373422
2018,11,9,4.31,169.94,137.56083032140006
2018,11,10,3.97,120.19,70.16116246751999
2018,11,11,2.02,143.0,0.0
2018,11,12,3.82,145.88,38.42582897180004
2018,11,13,5.32,134.81,371.42190398299994
2018,11,14,3.27,164.25,25.094113540199988
2018,11,15,4.87,156.94,235.49881094300005
2018,11,16,4.45,291.38,138.11344971000003
2018,11,17,3.88,219.69,98.46264343669996
2018,11,18,4.79,78.5,233.30483246799974
2018,11,19,3.66,208.56,61.156916236499974
2018,11,20,2.86,294.75,0.47581473349
2018,11,21,4.46,293.69,157.1223935
2018,11,22,7.81,219.19,1291.689010050001
2018,11,23,3.62,332.19,32.658194584900016
2018,11,24,4.44,310.31,124.15781952800002
2018,11,25,3.13,247.31,4.636336936900001
2018,11,26,3.85,220.06,86.47167506669999
2018,11,27,3.96,130.31,93.9826660697001
2018,11,28,3.91,147.5,64.24401839539996
2018,11,29,2.68,336.69,0.0
2018,11,30,3.7,305.19,46.982661777620045
2018,12,1,3.7,261.75,43.39523790486997
2018,12,2,5.31,132.88,375.15225554299997
2018,12,3,3.45,265.06,26.02630920455001
2018,12,4,1.0,222.81,0.0
2018,12,5,2.09,159.19,0.0
2018,12,6,3.4,163.12,9.8626667495
2018,12,7,3.45,306.25,11.150183103529999
2018,12,8,2.73,260.44,2.0423636289401985
2018,12,9,4.2,214.0,134.8496136261999
2018,12,10,4.27,104.81,257.89970551000005
2018,12,11,3.56,135.69,42.245166459800004
2018,12,12,4.82,236.44,205.16531020800016
2018,12,13,1.32,240.0,0.0
2018,12,14,2.84,317.56,0.9020408678700003
2018,12,15,3.42,299.06,8.565216440880002
2018,12,16,3.62,318.75,22.341569867980006
2018,12,17,2.59,319.0,0.23436348438
2018,12,18,2.27,291.62,0.0
2018,12,19,2.44,195.44,0.07410675049
2018,12,20,2.71,223.5,1.9531930212400002
2018,12,21,3.52,335.25,6.3162964529300005
2018,12,22,3.51,265.56,54.14863231900001
2018,12,23,6.06,219.31,434.34823058600006
2018,12,24,3.59,313.12,16.118650998559996
2018,12,25,2.75,296.94,0.034401992254
2018,12,26,3.08,186.12,18.983414973899997
2018,12,27,4.82,276.25,240.46173309099996
2018,12,28,4.84,312.31,235.78912629300012
2018,12,29,2.26,292.62,0.0
2018,12,30,1.77,148.19,0.0
2018,12,31,2.94,251.94,3.365345058340001
2019,1,1,4.89,197.5,244.5808063450002
2019,1,2,3.6,104.25,75.26784295809202
2019,1,3,4.66,241.31,224.71376264700018
2019,1,4,4.99,111.5,360.92010925999983
2019,1,5,6.88,199.81,884.2492546949995
2019,1,6,5.0,324.06,271.7277476575999
2019,1,7,2.88,191.62,4.836267253371001
2019,1,8,7.27,284.56,1047.014267560001
2019,1,9,2.47,328.69,0.5143901824500001
2019,1,10,9.77,342.62,1970.3409699000001
2019,1,11,6.35,59.88,645.7204748540003
2019,1,12,5.05,123.06,297.61345187099977
2019,1,13,5.73,259.88,517.8430291650003
2019,1,14,3.37,321.44,13.214089564799998
2019,1,15,3.93,306.56,65.42264285282
2019,1,16,2.84,217.75,1.1544184303900002
2019,1,17,2.98,286.81,2.3564186560599993
2019,1,18,3.28,253.0,12.435089311899993
2019,1,19,6.08,127.88,550.2356307950004
2019,1,20,5.08,140.12,311.4358761749999
2019,1,21,4.09,171.25,99.09450132339991
2019,1,22,4.25,217.88,110.77937791206004
2019,1,23,3.34,250.44,13.75041906953001
2019,1,24,4.38,324.44,150.71626049865014
2019,1,25,4.47,249.94,156.2117880239999
2019,1,26,4.57,276.5,183.59574401499992
2019,1,27,2.95,317.5,1.5987795509209999
2019,1,28,3.6,322.19,23.208974276130007
2019,1,29,4.3,296.56,102.06317626920003
2019,1,30,3.84,287.81,57.313640008130015
2019,1,31,4.95,189.44,286.27183641200025
2019,2,1,3.96,148.44,92.79432332440007
2019,2,2,2.77,310.31,0.28177223679
2019,2,3,5.24,334.94,290.7791876572002
2019,2,4,3.11,186.31,4.663080044718002
2019,2,5,6.8,258.94,794.8748754779995
2019,2,6,7.02,160.38,917.9317022640008
2019,2,7,5.96,177.94,553.1286181550003
2019,2,8,4.71,192.94,187.95612113169992
2019,2,9,5.15,313.12,314.458020946
2019,2,10,3.19,294.81,15.207736971288996
2019,2,11,2.27,319.31,0.0
2019,2,12,5.17,158.94,275.40974441359987
2019,2,13,2.85,106.31,8.728135332407998
2019,2,14,5.45,133.81,375.5047869829998
2019,2,15,3.84,255.31,74.33039192409991
2019,2,16,1.8,295.62,0.0
2019,2,17,5.14,234.25,305.9390252710001
2019,2,18,6.05,91.62,715.6838711549998
2019,2,19,6.55,89.88,960.611300642
2019,2,20,5.2,95.75,531.487019962
2019,2,21,3.16,212.12,14.627042174757005
2019,2,22,2.6,260.19,0.43012804747
2019,2,23,4.68,326.94,190.28751252799998
2019,2,24,1.89,229.19,0.0
2019,2,25,6.7,101.19,653.6578696619998
2019,2,26,6.68,126.75,718.1763403569998
2019,2,27,4.87,243.19,176.37457321299993
2019,2,28,5.32,129.75,357.1499081380001
2019,3,1,4.8,47.38,232.1819986036999
2019,3,2,4.19,115.56,123.44112476129995
2019,3,3,4.16,99.62,149.38859779840007
2019,3,4,4.68,289.19,224.3267230442
2019,3,5,2.93,216.31,2.8469951725400025
2019,3,6,3.22,236.69,8.739763938499998
2019,3,7,7.34,63.0,1032.7108415589998
2019,3,8,3.05,276.06,2.0072201489132997
2019,3,9,4.84,317.0,228.25139725500014
2019,3,10,4.88,235.44,235.71209475500018
2019,3,11,5.15,140.06,278.034334858
2019,3,12,5.42,296.62,335.7343470788003
2019,3,13,5.29,221.38,340.77844757599996
2019,3,14,6.42,262.5,581.9058569180006
2019,3,15,3.72,267.19,16.202779880999998
2019,3,16,4.29,298.19,82.13841583760002
2019,3,17,3.13,259.56,3.0767897985999997
2019,3,18,3.7,169.31,29.83567826822
2019,3,19,5.33,104.56,362.801766988
2019,3,20,5.6,193.5,409.11140474500024
2019,3,21,4.36,324.0,126.30567108879997
2019,3,22,3.39,324.12,3.39855397678
2019,3,23,6.42,260.06,662.5465264740008
2019,3,24,3.84,309.5,62.2568023298
2019,3,25,4.76,298.88,184.60818637050005
2019,3,26,5.1,252.12,292.3519809029998
2019,3,27,2.56,153.0,1.10882948664
2019,3,28,3.68,181.19,26.535744380200004
2019,3,29,6.05,149.94,601.7038226369997
2019,3,30,6.96,263.38,809.0547930259999
2019,3,31,5.35,274.81,353.54647095300027
2019,4,1,3.81,297.56,51.21854215817003
2019,4,2,2.93,251.06,4.645277215510003
2019,4,3,5.65,241.31,428.91377808100003
2019,4,4,8.01,191.94,1433.1071103949998
2019,4,5,6.58,241.56,755.9868930239995
2019,4,6,5.6,149.81,435.54087799000024
2019,4,7,4.89,167.31,173.49060256299984
2019,4,8,5.83,111.38,471.2533865330001
2019,4,9,3.27,172.31,34.598002251669975
2019,4,10,5.1,178.06,330.07023804500005
2019,4,11,7.12,302.5,770.0966601810005
2019,4,12,4.74,192.38,208.86662841699984
2019,4,13,5.77,192.94,414.99691861899976
2019,4,14,4.89,112.75,331.6196136679999
2019,4,15,10.91,154.0,2590.351486915
2019,4,16,5.27,126.56,334.89085631699993
2019,4,17,4.63,115.81,165.47296179699993
2019,4,18,3.72,71.12,52.68526669910001
2019,4,19,2.36,219.31,0.0
2019,4,20,2.16,232.06,0.0
2019,4,21,2.66,159.19,0.357271804916
2019,4,22,2.98,145.25,8.32013591026
2019,4,23,5.26,127.25,336.2717883370002
2019,4,24,7.13,130.81,997.9248420050003
2019,4,25,3.84,153.5,46.38391059749998
2019,4,26,3.4,205.19,24.57614836671999
2019,4,27,2.78,235.38,4.228663997799998
2019,4,28,3.92,250.12,86.44715817509994
2019,4,29,7.93,265.75,1397.48945671
2019,4,30,7.59,85.5,1162.3488689580001
2019,5,1,5.15,163.06,272.14639373099993
2019,5,2,8.09,260.0,1233.5376622999988
2019,5,3,5.96,162.31,543.8478860450007
2019,5,4,3.38,168.69,20.827045401699994
2019,5,5,4.89,121.31,195.43398054500005
2019,5,6,3.52,142.38,22.490686920759998
2019,5,7,5.36,123.56,371.9193695139999
2019,5,8,5.45,148.12,363.0028924480001
2019,5,9,6.04,231.62,561.1744699180002
2019,5,10,8.62,158.44,1697.0679553399998
2019,5,11,5.69,145.38,457.170463242
2019,5,12,3.59,211.0,35.66016983693
2019,5,13,6.35,143.12,575.5833044349997
2019,5,14,5.37,202.31,337.7768154930002
2019,5,15,6.68,232.69,713.8852746550006
2019,5,16,4.05,206.62,100.06441481950007
2019,5,17,4.14,220.0,134.42646650799995
2019,5,18,3.17,157.75,10.4487230968
2019,5,19,4.35,216.44,141.851787261
2019,5,20,4.12,221.12,95.02470832960002
2019,5,21,3.93,287.69,64.89370934282003
2019,5,22,4.38,300.06,151.60874503855015
2019,5,23,7.11,211.06,797.3821750309997
2019,5,24,4.7,152.75,156.92988403499993
2019,5,25,5.73,274.06,441.92855025669996
2019,5,26,3.57,261.31,25.884832884000012
2019,5,27,2.88,148.38,2.5523877019329997
2019,5,28,2.67,163.62,0.09460020064
2019,5,29,3.76,209.25,22.767518981600006
2019,5,30,5.68,257.19,471.697231133
2019,5,31,7.62,309.06,1225.127796664999
2019,6,1,4.55,295.19,146.19578797500014
2019,6,2,4.0,208.75,111.03746687649996
2019,6,3,8.25,229.56,1557.1221942799998
2019,6,4,9.9,221.5,2327.574642350002
2019,6,5,9.01,183.5,1898.0489899000004
2019,6,6,4.79,251.5,219.06097917499991
2019,6,7,4.34,156.88,163.69530966200003
2019,6,8,3.8,190.0,39.33106771480002
2019,6,9,4.37,231.69,65.5788098121
2019,6,10,5.24,163.44,353.3038314720002
2019,6,11,8.56,185.06,1441.6215466099995
2019,6,12,8.84,175.31,1765.1042859599997
2019,6,13,2.57,116.5,0.6911916637400001
2019,6,14,2.76,174.75,1.3732295133599999
2019,6,15,7.7,148.5,1120.769647170001
2019,6,16,10.05,229.75,2230.25201171
2019,6,17,5.22,217.75,324.77602148569963
2019,6,18,5.91,173.0,490.57932159799975
2019,6,19,5.62,214.88,483.646931767
2019,6,20,9.58,205.0,2278.8325585499992
2019,6,21,5.11,192.81,305.59780211500043
2019,6,22,4.43,245.31,154.67208477069988
2019,6,23,3.25,176.81,16.8000560374
2019,6,24,7.0,214.25,878.5675518729997
2019,6,25,3.99,264.31,84.4838693234
2019,6,26,4.79,224.0,216.7379396125001
2019,6,27,2.75,209.69,2.0835342406099997
2019,6,28,5.49,223.25,302.6822993198001
2019,6,29,4.84,237.38,238.71256790300006
2019,6,30,4.38,226.88,167.07816740200013
2019,7,1,5.65,282.12,409.7846593430004
2019,7,2,4.85,223.88,216.73536437710027
2019,7,3,4.82,204.81,263.97169276989996
2019,7,4,5.43,215.56,403.03597227700004
2019,7,5,5.4,170.44,388.22949339599995
2019,7,6,5.54,173.38,426.1801524400003
2019,7,7,5.45,191.62,432.8450314289998
2019,7,8,5.79,215.19,397.9189041060001
2019,7,9,7.45,160.38,1084.6548326910017
2019,7,10,6.58,180.75,773.3436267240011
2019,7,11,5.8,177.31,462.3917608620002
2019,7,12,4.49,168.62,175.92795042399993
2019,7,13,5.41,157.81,345.77026366400014
2019,7,14,6.94,160.69,894.6613696030004
2019,7,15,5.76,170.38,489.7891680769997
2019,7,16,3.96,164.94,70.58575193587
2019,7,17,3.66,155.44,33.374509076749995
2019,7,18,3.83,151.44,54.76191517770007
2019,7,19,4.04,147.75,94.23979931289999
2019,7,20,5.5,144.81,422.81992239010026
2019,7,21,4.23,145.0,77.27129951680001
2019,7,22,4.56,147.81,191.31637695199998
2019,7,23,5.28,199.06,345.0620562809997
2019,7,24,3.75,184.38,78.27049601049995
2019,7,25,2.94,125.88,0.7888923904300001
2019,7,26,4.68,138.19,205.35269499199995
2019,7,27,2.98,144.38,7.070454030039998
2019,7,28,3.16,112.56,12.0063485725
2019,7,29,7.77,81.25,1431.99302597
2019,7,30,3.7,139.0,50.223404132529964
2019,7,31,3.9,180.69,86.79923857729993
2019,8,1,3.64,173.25,30.762909631849993
2019,8,2,6.24,136.94,624.4154846139998
2019,8,3,4.02,154.25,57.07160450100002
2019,8,4,6.11,185.94,627.1865259010001
2019,8,5,4.63,154.5,104.17855088000002
2019,8,6,4.25,139.25,137.88780898969992
2019,8,7,4.99,126.31,255.49063326200027
2019,8,8,4.62,138.62,117.35183633000008
2019,8,9,4.3,164.06,121.14283424539991
2019,8,10,3.02,118.88,2.8188806961999995
2019,8,11,3.05,206.81,4.0445782808693
2019,8,12,4.99,191.69,297.1522898799998
2019,8,13,4.03,187.94,56.64066818499999
2019,8,14,3.95,157.88,64.4238078063
2019,8,15,5.09,158.12,277.34211013700013
2019,8,16,4.15,152.44,96.84579280249999
2019,8,17,6.44,155.44,697.4336438190003
2019,8,18,5.34,185.31,327.20538728699995
2019,8,19,5.84,124.25,416.93904845699996
2019,8,20,2.86,119.25,1.837361141588001
2019,8,21,4.9,119.12,168.40880400600003
2019,8,22,5.74,128.12,456.28504731599986
2019,8,23,6.23,112.06,337.1102551180001
2019,8,24,3.75,185.62,79.04803957129995
2019,8,25,5.11,130.0,308.24741502000006
2019,8,26,6.55,147.62,742.1044153119999
2019,8,27,6.04,130.06,502.1064099200003
2019,8,28,4.48,122.62,119.08111986959999
2019,8,29,4.51,136.81,108.898792807
2019,8,30,5.21,188.25,339.49962999400043
2019,8,31,4.05,152.25,99.87153768210003
2019,9,1,4.16,164.62,116.54329954977004
2019,9,2,5.05,162.81,280.2120526219997
2019,9,3,4.44,154.94,70.41621444460002
2019,9,4,6.12,162.12,558.0212610009999
2019,9,5,3.77,139.44,29.591122492099988
2019,9,6,5.4,146.56,351.5302560330003
2019,9,7,4.34,120.69,146.35124556599993
2019,9,8,4.85,174.12,191.61805924080002
2019,9,9,2.55,195.5,1.318222572318001
2019,9,10,3.39,195.69,9.928838519480005
2019,9,11,5.45,167.81,380.9559463420001
2019,9,12,5.07,139.25,317.5724720889998
2019,9,13,4.51,131.94,112.88727898200001
2019,9,14,4.95,137.12,248.90969848000003
2019,9,15,5.16,164.88,268.86337691100005
2019,9,16,6.88,158.5,898.4948950160002
2019,9,17,4.59,154.19,163.3636044429999
2019,9,18,3.92,147.94,65.52456466439996
2019,9,19,3.74,131.94,24.3141460897
2019,9,20,4.0,144.94,34.550749052700006
2019,9,21,3.22,171.06,12.479452236980006
2019,9,22,3.74,187.75,41.385918180200015
2019,9,23,4.97,185.0,308.7540744060001
2019,9,24,3.87,179.31,58.413774146199984
2019,9,25,5.21,176.06,338.1140982170003
2019,9,26,4.77,195.56,167.52894936399997
2019,9,27,2.59,170.12,1.53244385726
2019,9,28,5.99,162.75,527.4545202759996
2019,9,29,4.17,141.62,129.13237699089996
2019,9,30,4.66,138.5,194.62553252100005
2019,10,1,4.54,150.31,159.97242400799985
2019,10,2,3.16,62.12,0.293933649162
2019,10,3,4.34,93.31,175.05465589899987
2019,10,4,2.76,107.19,1.9745176222133602
2019,10,5,2.94,284.56,2.105443894830001
2019,10,6,4.3,186.19,142.2271671859001
2019,10,7,3.88,274.81,75.6850472573
2019,10,8,4.51,242.69,159.78634397400012
2019,10,9,2.25,147.94,0.0
2019,10,10,2.45,172.81,0.0
2019,10,11,2.12,111.06,1.1584888029538
2019,10,12,1.69,155.5,0.0
2019,10,13,1.64,163.94,0.0
2019,10,14,2.93,182.88,3.9851599782100005
2019,10,15,2.98,125.5,4.808679716760002
2019,10,16,4.34,147.69,151.1302556470001
2019,10,17,2.97,118.56,8.858355821809996
2019,10,18,5.59,205.19,363.10265275700004
2019,10,19,4.28,324.19,84.3799934834
2019,10,20,5.34,271.44,340.09629973700015
2019,10,21,1.84,158.5,0.0
2019,10,22,3.02,127.81,1.752120075379999
2019,10,23,4.34,104.94,209.80072554100008
2019,10,24,4.65,123.75,178.63188111299988
2019,10,25,4.11,116.88,108.71367167254
2019,10,26,3.25,175.0,16.924814566799995
2019,10,27,2.47,202.56,0.06858535766
2019,10,28,3.59,168.88,69.55574318459998
2019,10,29,3.86,169.19,51.75554535070001
2019,10,30,3.59,171.88,65.6592404974
2019,10,31,3.02,104.56,13.785830283919001
2019,11,1,3.7,131.38,44.60250929943
2019,11,2,4.2,262.81,131.88757524915883
2019,11,3,4.16,158.0,116.79697402770006
2019,11,4,3.96,145.12,88.23803014210006
2019,11,5,3.32,136.75,4.724778118200001
2019,11,6,4.8,205.81,249.47193833199992
2019,11,7,5.06,183.38,286.76426254499995
2019,11,8,4.27,163.25,119.65427316009993
2019,11,9,5.98,193.0,588.0316534610001
2019,11,10,2.99,145.75,10.160410925590003
2019,11,11,2.09,172.38,0.18922431943999998
2019,11,12,1.82,177.5,0.0
2019,11,13,5.79,217.0,397.6663558970002
2019,11,14,5.23,154.31,390.2317724489999
2019,11,15,3.34,145.94,30.38078673061001
2019,11,16,5.74,189.88,377.65761505599994
2019,11,17,3.58,321.0,33.234580515929984
2019,11,18,2.24,305.44,0.0
2019,11,19,3.41,246.44,21.982968532974006
2019,11,20,2.92,184.56,5.531536931371999
2019,11,21,5.27,133.38,334.00384795900004
2019,11,22,5.64,156.0,430.9460394270001
2019,11,23,4.0,313.31,80.33161788629998
2019,11,24,3.11,201.81,9.28284261342201
2019,11,25,2.93,42.44,0.0
2019,11,26,4.49,175.31,201.584293659
2019,11,27,3.59,151.06,32.19724098359999
2019,11,28,4.44,57.06,123.99354950699997
2019,11,29,5.08,314.62,287.00974732799995
2019,11,30,2.99,277.19,3.12594131226
2019,12,1,2.05,285.94,0.0
2019,12,2,3.25,302.06,3.840110436714701
2019,12,3,3.37,328.56,11.100254420800004
2019,12,4,2.1,143.69,0.0
2019,12,5,3.21,109.12,17.6986091817
2019,12,6,2.2,254.44,0.0
2019,12,7,2.57,309.44,0.12873218535
2019,12,8,2.71,239.19,0.1484527710634
2019,12,9,3.92,164.0,63.5806923843
2019,12,10,2.45,286.31,0.0
2019,12,11,6.35,37.25,486.45057982899993
2019,12,12,3.69,149.0,56.08941995519997
2019,12,13,3.7,214.75,12.824036665049999
2019,12,14,3.79,105.12,98.63947693919994
2019,12,15,3.4,324.44,15.507925287609995
2019,12,16,3.3,339.25,6.8284395781
2019,12,17,3.26,216.69,27.340992764005996
2019,12,18,3.4,189.88,18.309454184575998
2019,12,19,3.03,183.62,17.53175976669
2019,12,20,2.74,179.0,1.91220666874
2019,12,21,3.23,188.69,12.235107611030001
2019,12,22,2.08,240.5,-0.0020693399020000006
2019,12,23,3.59,288.38,20.131507467899986
2019,12,24,5.24,175.38,338.6744616740001
2019,12,25,3.49,318.62,1.52121914877
2019,12,26,4.12,253.5,94.0225111453
2019,12,27,3.21,234.12,8.68795615872
2019,12,28,2.45,281.69,0.03429267883
2019,12,29,1.87,251.56,0.0
2019,12,30,2.88,194.56,4.723989664536002
2019,12,31,3.45,148.75,7.006326930509999
2020,1,1,2.66,131.69,0.9366636997579999
2020,1,2,4.22,115.88,113.96479089069993
2020,1,3,5.19,222.94,263.966328435
2020,1,4,2.38,127.75,0.18633607863999999
2020,1,5,2.89,178.75,3.253664378975999
2020,1,6,5.0,67.88,261.7924427820001
2020,1,7,3.89,311.69,79.61590973059997
2020,1,8,4.17,254.12,83.74940116606004
2020,1,9,2.2,332.31,0.0
2020,1,10,3.1,323.5,1.896479344506
2020,1,11,3.67,305.81,49.96928005230001
2020,1,12,4.38,144.75,150.21682257220002
2020,1,13,5.6,156.31,434.8292874190003
2020,1,14,2.98,150.94,7.216022741120001
2020,1,15,3.8,284.0,61.52425949368002
2020,1,16,2.96,81.25,1.231362602669999
2020,1,17,2.68,87.94,0.04459607124
2020,1,18,4.44,101.56,235.0971450830001
2020,1,19,2.0,249.25,0.0
2020,1,20,6.23,245.62,616.9498095440005
2020,1,21,4.06,89.31,133.948552031
2020,1,22,2.88,292.62,2.141850263303
2020,1,23,2.77,332.25,0.06805263101500002
2020,1,24,4.07,333.56,65.50757656499998
2020,1,25,6.08,165.94,602.9338470559994
2020,1,26,5.42,155.25,340.316577138
2020,1,27,5.67,156.19,423.2084631419998
2020,1,28,2.99,73.69,2.718858807196001
2020,1,29,5.2,100.12,483.46178298300003
2020,1,30,3.73,180.5,38.84634816209999
2020,1,31,2.9,254.38,10.939857005999993
2020,2,1,3.55,149.94,27.569711296349997
2020,2,2,3.2,189.94,12.283063984247999
2020,2,3,2.12,122.06,0.0
2020,2,4,5.59,91.0,781.8721319639999
2020,2,5,3.34,305.38,10.707934787140005
2020,2,6,2.16,200.88,0.0
2020,2,7,3.24,237.56,3.712603384469999
2020,2,8,2.84,185.69,6.1738857440100015
2020,2,9,1.48,209.44,0.0
2020,2,10,3.19,246.88,18.73372207783599
2020,2,11,5.51,246.0,400.64593230700007
2020,2,12,3.66,317.75,63.16640655520002
2020,2,13,7.12,167.31,936.5345898710002
2020,2,14,5.68,288.19,419.5150958370003
2020,2,15,6.69,220.44,729.8871441750006
2020,2,16,5.72,327.12,357.8407745200002
2020,2,17,2.8,234.19,3.50566688818
2020,2,18,3.25,240.56,14.862462435074697
2020,2,19,4.41,111.12,198.13159742839994
2020,2,20,2.8,45.81,0.033909399511000006
2020,2,21,4.34,154.12,163.21345449700004
2020,2,22,2.01,205.38,0.0
2020,2,23,2.33,235.75,0.46863622664999993
2020,2,24,2.2,168.94,0.047306079859999996
2020,2,25,2.29,148.31,2.175672768931998
2020,2,26,2.05,140.44,0.0
2020,2,27,4.09,121.31,116.87105758067004
2020,2,28,6.03,136.81,550.8965490900002
2020,2,29,4.47,183.06,178.46893951399983
2020,3,1,2.7,134.56,0.08833677766600001
2020,3,2,4.41,234.62,158.44484567889987
2020,3,3,3.01,158.81,3.33345156648
2020,3,4,1.9,122.69,0.0
2020,3,5,2.47,82.25,-0.07534159808799998
2020,3,6,7.16,69.19,943.4783123460003
2020,3,7,4.69,121.19,193.23118894700002
2020,3,8,6.92,177.69,870.6939123440005
2020,3,9,3.49,321.12,2.6476686764699995
2020,3,10,7.23,262.75,635.3516088930006
2020,3,11,6.72,115.5,827.4919055380003
2020,3,12,9.8,169.62,2516.023095770001
2020,3,13,2.73,195.25,2.0512587879299997
2020,3,14,3.84,129.88,57.33506057810004
2020,3,15,3.48,222.31,47.458399117569996
2020,3,16,2.64,259.62,1.257809748015
2020,3,17,2.71,197.94,1.3603411388099997
2020,3,18,3.18,169.75,2.8096262742499998
2020,3,19,2.78,158.25,1.028241707754
2020,3,20,5.53,127.94,433.06229889400043
2020,3,21,6.12,140.69,556.3250848549995
2020,3,22,2.8,176.81,2.736734289979999
2020,3,23,3.29,163.31,4.701094116870001
2020,3,24,4.02,155.0,57.78509418560003
2020,3,25,4.5,67.81,149.92286866500007
2020,3,26,6.59,310.56,664.4881675732
2020,3,27,3.2,227.69,10.420081026591998
2020,3,28,8.05,131.62,1338.8040886889999
2020,3,29,2.49,153.75,0.04785198212
2020,3,30,3.77,212.38,58.14458342620002
2020,3,31,4.38,195.75,111.81132055719999
2020,4,1,2.96,195.12,3.0297172741009994
2020,4,2,3.8,209.25,49.54925390010002
2020,4,3,3.13,218.81,4.954961764369999
2020,4,4,3.88,178.88,61.20912847369999
2020,4,5,4.08,205.94,94.54440879270001
2020,4,6,5.21,162.5,323.3249694830002
2020,4,7,9.34,165.81,2193.988551009999
2020,4,8,6.04,182.44,524.0015139830006
2020,4,9,6.25,125.81,629.5912097149999
2020,4,10,5.84,133.69,433.3433136029998
2020,4,11,5.07,309.62,278.8752612360001
2020,4,12,3.89,255.06,91.74183723629994
2020,4,13,2.27,180.44,0.0
2020,4,14,5.28,169.44,352.28125945299973
2020,4,15,5.63,213.69,485.702673337
2020,4,16,5.01,310.56,281.0013209589999
2020,4,17,7.66,113.56,1223.905112099999
2020,4,18,3.66,266.38,15.2687389945
2020,4,19,3.95,280.44,56.17627116710003
2020,4,20,4.34,188.31,160.41062484700007
2020,4,21,4.78,253.62,221.90975648199995
2020,4,22,5.72,136.94,436.57856232399973
2020,4,23,6.38,199.0,663.6670208659998
2020,4,24,4.32,299.81,143.9249738994
2020,4,25,3.36,182.31,11.894035604500003
2020,4,26,6.14,145.06,599.1778485039996
2020,4,27,3.66,108.5,79.4319498468001
2020,4,28,6.27,124.5,627.949448248
2020,4,29,5.42,234.38,362.0070089749998
2020,4,30,2.38,197.88,0.961229705390999
2020,5,1,3.93,96.88,162.8976619293999
2020,5,2,7.51,122.19,731.747207108
2020,5,3,7.35,124.75,909.6609191440001
2020,5,4,4.95,228.44,271.79216856200003
2020,5,5,3.99,197.69,115.04704674910003
2020,5,6,5.53,211.88,448.127982801
2020,5,7,5.77,134.69,464.2081063759999
2020,5,8,9.17,166.38,2010.2250709900022
2020,5,9,8.12,85.38,884.8251280800001
2020,5,10,9.2,101.38,1931.8836230300005
2020,5,11,7.13,89.81,1000.8248531239998
2020,5,12,6.17,103.44,527.011096204
2020,5,13,6.22,160.75,620.9093359349991
2020,5,14,3.7,201.81,27.469030596059984
2020,5,15,3.66,305.69,45.46391824740003
2020,5,16,4.8,132.56,219.10373818400018
2020,5,17,10.18,257.88,2685.80685556
2020,5,18,5.01,205.12,260.88244630099985
2020,5,19,8.94,234.88,2033.6939504200009
2020,5,20,5.95,264.5,567.4681421139995
2020,5,21,4.75,322.06,155.8945403875001
2020,5,22,3.2,236.94,7.587182599319998
2020,5,23,6.61,152.31,688.7282256900005
2020,5,24,6.47,203.25,656.974312731
2020,5,25,3.09,215.75,2.27398328784
2020,5,26,4.03,261.81,93.30524139189988
2020,5,27,3.23,204.0,17.97207412492001
2020,5,28,4.33,88.38,177.88525725800005
2020,5,29,5.52,100.19,527.2138584979999
2020,5,30,5.38,81.12,471.9372229000001
2020,5,31,3.83,127.19,62.169676906400056
2020,6,1,2.98,120.19,5.121295764144003
2020,6,2,2.18,88.31,0.0768786192
2020,6,3,4.45,136.62,73.03207980420002
2020,6,4,3.55,140.44,25.376859667249995
2020,6,5,5.31,129.12,362.5847494470001
2020,6,6,5.38,129.81,313.83774076300017
2020,6,7,6.57,170.94,754.640604864
2020,6,8,5.26,130.62,335.3377978580001
2020,6,9,5.22,119.88,358.69948852600004
2020,6,10,4.65,97.81,267.76888656799997
2020,6,11,4.3,99.25,154.88703842699996
2020,6,12,5.92,100.12,642.6496392689995
2020,6,13,5.92,120.56,358.30898346299995
2020,6,14,4.47,256.5,179.95148208299983
2020,6,15,3.2,187.19,12.534248562847997
2020,6,16,1.66,124.44,0.0
2020,6,17,4.79,127.94,212.41547776600004
2020,6,18,4.67,100.88,247.71339188299993
2020,6,19,4.38,74.56,121.99584825110006
2020,6,20,5.53,97.44,596.720326855
2020,6,21,4.62,125.88,141.04414398400016
2020,6,22,6.01,160.81,498.46197174499963
2020,6,23,5.77,114.0,385.3019058210001
2020,6,24,5.32,114.5,496.65864105299994
2020,6,25,6.07,200.56,560.4316351180001
2020,6,26,4.82,113.5,285.22457518699997
2020,6,27,4.49,165.5,174.82662275509992
2020,6,28,3.54,75.94,16.0028113362
2020,6,29,8.41,144.81,1491.1253721799999
2020,6,30,5.25,130.75,350.45649200599996
2020,7,1,3.01,182.19,5.228532342419999
2020,7,2,1.78,182.25,0.0
2020,7,3,4.64,180.56,194.563078926
2020,7,4,4.97,107.0,384.8987582289997
2020,7,5,5.89,194.38,493.490477903
2020,7,6,5.17,190.19,265.7625575224001
2020,7,7,2.21,148.56,0.006691975593800001
2020,7,8,3.8,164.44,78.6876808919999
2020,7,9,5.98,166.94,523.9237792860002
2020,7,10,4.98,138.94,285.5694795229998
2020,7,11,5.68,105.38,439.37980773200036
2020,7,12,5.41,126.88,380.0663977080001
2020,7,13,6.69,222.0,545.1113909970004
2020,7,14,3.26,166.38,2.065579314326
2020,7,15,3.7,86.69,39.16588360733002
2020,7,16,4.87,97.06,381.56749860400015
2020,7,17,4.34,163.81,150.2518238682001
2020,7,18,3.1,181.31,4.556585742288
2020,7,19,5.93,162.62,469.2506286689999
2020,7,20,4.89,121.44,193.05978956500007
2020,7,21,5.44,173.69,326.7352972100005
2020,7,22,3.95,188.81,86.68540092049996
2020,7,23,3.74,207.25,36.304840022099995
2020,7,24,4.8,157.62,214.88968919600032
2020,7,25,3.43,146.94,12.0347069985
2020,7,26,4.7,179.75,234.03035355300008
2020,7,27,3.25,181.0,0.7858117104
2020,7,28,2.19,150.62,0.0
2020,7,29,5.55,153.88,438.1128195020003
2020,7,30,7.22,122.0,900.4024316430003
2020,7,31,4.95,144.81,254.045431199
2020,8,1,4.03,163.69,75.43555214991
2020,8,2,5.54,149.5,415.1578720290004
2020,8,3,3.59,121.06,38.11208417685001
2020,8,4,4.08,119.44,102.21518028410006
2020,8,5,2.57,117.06,0.29239663122
2020,8,6,3.51,130.88,56.05825904659996
2020,8,7,3.5,142.12,27.475695358699987
2020,8,8,3.8,182.44,46.3237061887
2020,8,9,3.36,193.0,16.629893670346
2020,8,10,2.61,165.75,1.417164360125
2020,8,11,5.23,179.75,361.4697793769998
2020,8,12,3.07,170.69,8.949438340451
2020,8,13,5.04,126.69,277.09087907399993
2020,8,14,5.77,137.88,466.56665618099987
2020,8,15,5.48,176.88,220.58741149999986
2020,8,16,5.4,193.62,364.71723999500006
2020,8,17,4.85,165.25,203.19275531690005
2020,8,18,4.5,142.62,142.45996107899987
2020,8,19,3.82,144.0,38.40273548120004
2020,8,20,5.37,143.62,341.8176792769999
2020,8,21,3.41,126.88,11.162677058599998
2020,8,22,4.09,113.0,156.9536786660699
2020,8,23,4.95,141.0,252.90228330800005
2020,8,24,5.12,167.81,287.3532851930002
2020,8,25,4.16,154.44,119.95416900370004
2020,8,26,4.37,134.69,168.7502424573999
2020,8,27,1.91,144.56,0.0
2020,8,28,3.68,131.56,26.156433068100004
2020,8,29,2.86,153.81,2.4970323620379995
2020,8,30,4.7,110.62,269.23601898100003
2020,8,31,3.1,88.69,6.131871777839998
2020,9,1,5.62,116.06,348.04064879800006
2020,9,2,3.34,133.56,33.28177317979002
2020,9,3,5.34,119.75,394.5076219149999
2020,9,4,3.96,148.25,92.79432332440007
2020,9,5,3.75,241.38,69.42967302279996
2020,9,6,1.91,237.75,0.0
2020,9,7,2.27,263.81,0.07379394294
2020,9,8,2.21,165.62,0.0028679895402
2020,9,9,3.34,168.06,39.48238443687601
2020,9,10,1.59,182.25,0.0
2020,9,11,3.07,123.38,0.8555629993100001
2020,9,12,1.88,143.81,0.0
2020,9,13,1.37,164.0,0.0
2020,9,14,1.95,137.19,0.0
2020,9,15,3.79,154.12,43.42826963449998
2020,9,16,1.27,114.5,0.0
2020,9,17,3.52,91.31,38.107927208199975
2020,9,18,4.75,188.25,228.44922210799996
2020,9,19,2.43,255.25,0.0
2020,9,20,2.79,222.75,5.269985146180001
2020,9,21,3.7,225.94,25.09295730411995
2020,9,22,2.81,212.94,1.125710614517
2020,9,23,2.3,219.06,0.009531291388100004
2020,9,24,2.16,160.25,0.0
2020,9,25,2.77,150.25,0.7174770310810001
2020,9,26,3.7,107.94,95.09985955782997
2020,9,27,2.66,113.31,-0.033339313277000016
2020,9,28,3.03,119.62,14.52895792914
2020,9,29,3.73,107.88,83.9614157698
2020,9,30,2.23,111.06,0.03059188842880001
2020,10,1,2.47,203.62,0.06858535766
2020,10,2,3.69,201.94,41.51841846609997
2020,10,3,3.77,232.44,40.617109174500015
2020,10,4,1.75,224.75,0.0
2020,10,5,2.06,184.38,0.0
2020,10,6,3.3,123.69,13.727593897849998
2020,10,7,2.0,130.69,0.0
2020,10,8,2.21,128.81,0.006691975593800001
2020,10,9,1.86,98.19,0.0
2020,10,10,1.78,101.88,0.0
2020,10,11,2.02,96.31,0.0002446665056
2020,10,12,1.27,99.38,0.0
2020,10,13,2.05,123.44,0.0
2020,10,14,5.87,273.25,399.7322552189994
2020,10,15,2.44,317.19,0.0
2020,10,16,2.1,284.56,0.0
2020,10,17,2.88,178.5,0.378178016487
2020,10,18,2.41,204.69,0.336474349567
2020,10,19,2.5,260.69,0.04400539874
2020,10,20,1.72,131.12,0.0
2020,10,21,3.5,101.62,58.69201099469998
2020,10,22,1.96,59.38,0.014099967664999996
2020,10,23,1.33,99.56,0.0
2020,10,24,3.12,207.25,5.294337174416
2020,10,25,4.93,109.12,189.56782532300008
2020,10,26,4.93,342.0,242.78661148000006
2020,10,27,4.94,249.19,249.4074020290001
2020,10,28,3.4,111.5,6.051815538199999
2020,10,29,3.55,116.12,12.7490120698
2020,10,30,4.52,215.38,156.35443483199987
2020,10,31,4.05,328.38,83.8786327375
2020,11,1,3.03,322.31,7.788918640640005
2020,11,2,3.15,254.19,3.8603763770200006
2020,11,3,2.27,166.12,-0.0008539999276
2020,11,4,2.28,124.25,0.0054140011968
2020,11,5,3.8,100.0,150.41403440510015
2020,11,6,3.22,158.94,11.945956191060006
2020,11,7,4.99,236.06,285.98135116300006
2020,11,8,1.84,110.19,0.0
2020,11,9,2.58,122.06,0.60666372792
2020,11,10,2.59,102.44,0.04338344097
2020,11,11,3.36,77.56,14.502056616220003
2020,11,12,4.3,218.25,138.2749078161999
2020,11,13,4.7,160.0,206.56995590200006
2020,11,14,4.1,151.5,89.57032288767998
2020,11,15,6.49,115.0,595.4857965119998
2020,11,16,6.73,336.56,764.1650026729992
2020,11,17,3.53,329.56,1.7177023506000004
2020,11,18,3.95,333.62,46.084838406599985
2020,11,19,3.78,114.56,103.89399430129994
2020,11,20,1.78,250.31,0.0
2020,11,21,4.07,336.56,65.0401484341
2020,11,22,4.73,317.56,201.06142882699996
2020,11,23,5.85,60.94,481.7329132070001
2020,11,24,2.93,129.94,0.7456527338699999
2020,11,25,4.33,56.31,119.72775595970002
2020,11,26,2.7,260.56,0.7998246901195999
2020,11,27,2.49,339.25,0.0
2020,11,28,4.3,327.06,107.03910823569998
2020,11,29,5.25,294.06,301.09347270920006
2020,11,30,4.09,323.75,108.37508359819996
2020,12,1,3.92,262.94,73.57202873179999
2020,12,2,2.84,317.81,0.7495362711700002
2020,12,3,2.39,226.94,0.1936505852772
2020,12,4,2.53,76.38,0.23335710289999995
2020,12,5,4.89,50.12,237.93638442000002
2020,12,6,3.71,261.38,39.41064873989999
2020,12,7,6.13,270.5,581.9956341539996
2020,12,8,3.34,106.5,37.94831977389998
2020,12,9,4.5,334.94,158.19674670500007
2020,12,10,3.3,323.94,15.669552993899995
2020,12,11,4.95,308.62,239.5228001220001
2020,12,12,5.73,149.62,428.1509683320001
2020,12,13,5.15,317.5,312.869356697
2020,12,14,3.4,188.25,18.064076840244
2020,12,15,3.05,310.38,8.55934412001
2020,12,16,2.45,318.81,0.0
2020,12,17,3.33,334.38,9.488639011900002
2020,12,18,2.94,334.88,3.7463749250250022
2020,12,19,2.44,293.81,0.0
2020,12,20,2.14,308.12,0.0
2020,12,21,2.33,324.5,0.21517714978000002
2020,12,22,2.08,323.0,0.108762931972
2020,12,23,2.45,334.75,0.0
2020,12,24,2.66,337.44,0.0
2020,12,25,0.93,211.06,0.0
2020,12,26,3.7,196.38,23.210185299980004
2020,12,27,7.66,205.62,1205.22714473
2020,12,28,4.65,127.06,180.3225991929999
2020,12,29,3.54,324.81,9.809334411600002
2020,12,30,3.42,324.56,11.691841467800002
2020,12,31,2.51,312.56,0.0
2021,1,1,5.5,136.94,413.62881552610014
2021,1,2,2.48,140.75,0.0
2021,1,3,3.01,88.94,8.640980381306992
2021,1,4,3.45,64.69,24.181081439000003
2021,1,5,4.3,176.62,123.55223905120005
2021,1,6,4.34,270.94,116.65594215300003
2021,1,7,4.28,331.62,74.91246742329994
2021,1,8,2.96,335.69,2.250786781070001
2021,1,9,5.23,328.12,318.22238639979986
2021,1,10,4.47,319.81,176.21986647599996
2021,1,11,2.52,314.69,0.0
2021,1,12,2.32,251.06,0.5866321211009998
2021,1,13,2.36,220.5,0.0
2021,1,14,4.0,207.75,111.74021424209997
2021,1,15,3.0,303.12,1.1851857116009996
2021,1,16,3.7,302.38,46.05111377352003
2021,1,17,2.86,115.88,3.3156737113639996
2021,1,18,3.89,128.25,69.81884249240994
2021,1,19,3.52,331.19,3.661713552130001
2021,1,20,3.12,320.81,4.587275262041998
2021,1,21,4.45,269.88,164.26318876999986
2021,1,22,6.8,117.94,872.1888701829995
2021,1,23,5.8,216.88,418.64090606700023
2021,1,24,5.69,335.25,396.4201028168004
2021,1,25,3.28,273.62,23.194056951625985
2021,1,26,1.37,337.19,0.0
2021,1,27,2.23,278.56,0.0
2021,1,28,3.8,338.0,47.27066848617997
2021,1,29,1.97,270.06,0.0
2021,1,30,3.17,296.44,13.804562423534012
2021,1,31,3.73,74.75,39.802336491700004
2021,2,1,3.19,244.19,19.27926439413599
2021,2,2,2.63,212.94,0.04953939915
2021,2,3,3.14,111.06,17.95681456700001
2021,2,4,2.63,247.19,0.6398298263200001
2021,2,5,3.35,103.75,33.569113466080005
2021,2,6,2.65,197.75,0.7518007350699999
2021,2,7,3.92,253.94,79.9634417855
2021,2,8,1.88,217.94,0.007887992859
2021,2,9,1.8,201.44,0.0
2021,2,10,3.03,243.81,5.2866800399733
2021,2,11,1.73,253.62,0.0
2021,2,12,2.59,308.19,0.24206377982
2021,2,13,5.1,102.56,385.9528985789998
2021,2,14,2.23,157.0,0.012426033317999997
2021,2,15,2.2,169.0,0.047306079859999996
2021,2,16,2.78,204.31,4.394339745390997
2021,2,17,2.38,233.25,0.5896542669
2021,2,18,2.48,147.62,0.0
2021,2,19,3.23,178.12,11.463946637240001
2021,2,20,1.77,115.06,0.0
2021,2,21,3.15,184.25,0.849083697816
2021,2,22,3.62,86.0,40.63992927299001
2021,2,23,2.47,152.62,0.6242426683299999
2021,2,24,2.98,112.44,2.7399573637800008
2021,2,25,6.55,100.06,792.0621625800002
2021,2,26,10.02,174.69,2458.3550879300024
2021,2,27,8.18,266.38,1583.6714720499995
2021,2,28,2.93,300.5,2.08143842437
2021,3,1,2.99,295.31,0.9462827562999996
2021,3,2,4.41,212.44,169.83384978399994
2021,3,3,4.59,115.0,170.43816633999992
2021,3,4,4.88,134.56,219.79857534600006
2021,3,5,2.65,146.94,2.687363864764001
2021,3,6,7.26,108.44,1176.4503127479984
2021,3,7,6.41,89.94,898.4843561080005
2021,3,8,5.85,88.94,715.8465283420003
2021,3,9,4.71,177.75,179.75404883669992
2021,3,10,6.07,107.56,612.018883384
2021,3,11,7.95,184.44,1219.7733264900003
2021,3,12,4.12,133.88,108.96293632690002
2021,3,13,5.25,192.56,334.8270269869999
2021,3,14,5.73,182.75,404.75957917100015
2021,3,15,6.49,254.81,472.3349078349996
2021,3,16,3.26,132.69,2.302093607256
2021,3,17,3.84,149.44,42.6938476743
2021,3,18,6.8,186.5,844.2042236520003
2021,3,19,5.48,257.06,275.56271523139986
2021,3,20,4.7,258.12,196.14187651819992
2021,3,21,6.5,148.88,688.4395214770004
2021,3,22,7.27,180.81,996.4764282519992
2021,3,23,7.18,219.94,914.2813470447004
2021,3,24,2.37,330.31,0.0
2021,3,25,5.91,291.81,516.4697958389999
2021,3,26,3.66,240.5,55.53867446870001
2021,3,27,8.03,203.44,1382.1051465700002
2021,3,28,6.16,93.69,313.4206610200001
2021,3,29,5.32,161.06,340.2533175740002
2021,3,30,7.18,284.19,899.7827586950007
2021,3,31,5.28,323.0,331.0708473199996
2021,4,1,2.46,319.81,0.05422548771
2021,4,2,11.7,263.88,3059.555451579999
2021,4,3,4.52,237.12,141.89624100099996
2021,4,4,7.27,128.0,846.8696362139998
2021,4,5,4.55,187.38,213.42582848100014
2021,4,6,3.52,155.56,30.917291266309988
2021,4,7,7.12,172.44,919.2040484790002
2021,4,8,4.58,241.06,200.778905349
2021,4,9,3.24,108.88,11.2704298976
2021,4,10,3.45,147.0,6.972655620559999
2021,4,11,4.58,242.81,176.40458557399998
2021,4,12,5.99,201.19,578.9732110520002
2021,4,13,5.84,226.44,455.31216886299967
2021,4,14,6.09,144.81,579.0929968260001
2021,4,15,8.73,225.06,1818.6630700499998
2021,4,16,4.59,334.44,202.82770903799997
2021,4,17,2.34,141.62,0.012453337911000001
2021,4,18,4.78,113.94,203.71322891800003
2021,4,19,2.26,189.62,0.1089188004
2021,4,20,5.83,332.62,431.78027435000035
2021,4,21,4.31,173.0,120.37346696920004
2021,4,22,6.8,171.38,860.8037268230005
2021,4,23,6.7,139.38,528.260310068
2021,4,24,3.62,310.81,12.518547149260007
2021,4,25,4.52,251.75,123.28254729700004
2021,4,26,4.3,116.5,133.2667348417001
2021,4,27,4.76,178.0,205.91970916399998
2021,4,28,9.2,197.19,2058.323237269001
2021,4,29,4.45,184.38,103.418465499
2021,4,30,6.03,240.31,565.2899072459991
2021,5,1,3.88,231.62,86.17204185869997
2021,5,2,6.48,271.88,656.7153509429994
2021,5,3,3.68,238.06,57.87097625799997
2021,5,4,6.52,147.69,756.6780908139996
2021,5,5,6.73,248.19,776.8648846500004
2021,5,6,4.76,198.56,213.58964126699985
2021,5,7,4.49,208.44,190.86100920199996
2021,5,8,4.05,145.12,84.27428296060003
2021,5,9,6.59,146.69,703.6324536150006
2021,5,10,3.68,116.69,43.8160795991
2021,5,11,4.16,90.81,128.91866042650014
2021,5,12,4.81,158.94,229.93293062199996
2021,5,13,5.21,140.19,311.3837737889999
2021,5,14,5.18,154.69,316.7977488879998
2021,5,15,5.52,138.44,387.570308228
2021,5,16,9.1,175.12,1958.9565356599994
2021,5,17,3.75,184.69,78.27049601049995
2021,5,18,5.27,149.25,335.97979004000024
2021,5,19,7.13,132.75,998.1141425410002
2021,5,20,3.64,189.88,67.58349213505
2021,5,21,6.07,145.31,580.8614517249998
2021,5,22,5.61,232.0,377.3406654380003
2021,5,23,7.14,248.12,1030.0943342270004
2021,5,24,5.08,226.31,283.7080240069999
2021,5,25,3.58,257.44,5.40776872139
2021,5,26,3.42,236.5,13.377380390000003
2021,5,27,3.23,284.38,4.347866067909999
2021,5,28,3.22,310.88,22.51825789277
2021,5,29,5.98,180.38,567.1205831919998
2021,5,30,5.2,142.88,318.34905838299994
2021,5,31,5.21,160.06,320.1500137340001
2021,6,1,6.59,173.94,757.3475091709997
2021,6,2,3.66,201.12,60.44520466059996
2021,6,3,4.76,185.81,209.85561005700004
2021,6,4,4.79,206.06,240.34860337759983
2021,6,5,5.25,187.69,330.35800233899994
2021,6,6,5.95,206.69,550.1729449549998
2021,6,7,2.99,234.12,6.027870283900003
2021,6,8,2.34,230.25,0.0
2021,6,9,4.54,204.88,158.25044851599986
2021,6,10,3.59,200.62,34.200436270299996
2021,6,11,4.95,156.06,247.6983227370001
2021,6,12,3.56,191.62,44.52807917180001
2021,6,13,5.75,172.81,441.55916778100027
2021,6,14,4.09,198.44,99.2873444517099
2021,6,15,5.69,225.94,535.2580883990004
2021,6,16,5.27,212.0,334.96861512399994
2021,6,17,5.49,185.81,374.0937072538001
2021,6,18,2.2,280.06,0.0
2021,6,19,3.04,179.12,14.709407547105995
2021,6,20,5.52,169.5,336.69590376199994
2021,6,21,6.76,228.06,772.9426965200005
2021,6,22,6.49,245.12,495.31245727299944
2021,6,23,3.95,197.31,102.29475608210004
2021,6,24,3.18,73.62,0.8723563241999999
2021,6,25,4.7,82.44,333.62280418609987
2021,6,26,2.88,63.19,0.07045333564300002
2021,6,27,2.8,224.25,6.235903550196002
2021,6,28,2.88,317.88,0.5347137296180001
2021,6,29,3.87,240.94,80.20113033300002
2021,6,30,3.34,224.56,23.79554550159601
2021,7,1,4.57,261.25,178.62631286000007
2021,7,2,5.24,213.75,339.95977356999987
2021,7,3,4.51,182.88,58.666331334000006
2021,7,4,3.12,202.81,4.875321723675999
2021,7,5,5.32,229.81,360.57474945300027
2021,7,6,1.52,234.69,0.0
2021,7,7,4.9,203.69,235.741257001
2021,7,8,3.49,206.81,42.905028195730026
2021,7,9,4.66,164.38,203.02942946800002
2021,7,10,3.86,168.69,51.490140763900015
2021,7,11,3.76,147.94,23.738533087
2021,7,12,4.39,135.12,172.95277197499996
2021,7,13,3.51,145.25,60.02315294105002
2021,7,14,4.66,143.62,221.26798033199998
2021,7,15,3.53,115.88,23.512508227449988
2021,7,16,3.81,162.81,56.67012569269998
2021,7,17,2.64,209.38,1.3555060374429997
2021,7,18,4.9,168.94,206.82657157999995
2021,7,19,5.78,122.12,449.1889028900001
2021,7,20,8.05,217.0,1316.91300062
2021,7,21,1.49,164.44,0.0
2021,7,22,3.84,190.31,30.569098279200013
2021,7,23,4.67,160.19,155.14121489800004
2021,7,24,6.85,154.25,892.1789123520005
2021,7,25,4.73,184.88,210.5809574840001
2021,7,26,6.36,170.12,640.7787750179997
2021,7,27,6.31,179.25,623.4074810769996
2021,7,28,5.67,171.56,433.944918672
2021,7,29,7.02,144.06,927.4972906370006
2021,7,30,4.1,147.38,100.17226244032001
2021,7,31,3.88,142.75,42.57577133280002
2021,8,1,3.09,180.88,6.900272542295999
2021,8,2,3.49,169.94,16.288685532000002
2021,8,3,2.62,168.56,0.033332059685
2021,8,4,4.24,194.25,137.5289158578001
2021,8,5,4.27,157.44,131.60157475909992
2021,8,6,5.62,136.06,420.553894335
2021,8,7,3.62,138.81,13.809950218049995
2021,8,8,5.91,185.44,479.9834927219995
2021,8,9,6.6,131.75,683.2364856230004
2021,8,10,4.64,130.25,137.72276855100003
2021,8,11,5.56,155.25,409.47799256000036
2021,8,12,5.02,164.12,305.3585990809997
2021,8,13,6.24,173.0,657.3361663709999
2021,8,14,6.3,122.38,606.5619592070001
2021,8,15,3.67,103.56,72.91778408049998
2021,8,16,4.48,112.88,169.88897669479982
2021,8,17,3.34,163.44,31.190107503946006
2021,8,18,5.26,141.19,330.6135281610005
2021,8,19,6.26,117.25,588.8981548940002
2021,8,20,7.38,122.19,834.3597802789998
2021,8,21,7.6,127.12,1291.6217131690007
2021,8,22,5.86,160.12,423.14972044699954
2021,8,23,5.84,218.75,448.7734048239995
2021,8,24,3.76,195.0,28.858352804200003
2021,8,25,4.96,159.19,262.444820415
2021,8,26,4.81,153.19,231.6163990949999
2021,8,27,2.66,178.44,1.157222891196
2021,8,28,5.1,154.25,274.5059924239999
2021,8,29,6.09,126.62,540.3764022800004
2021,8,30,6.09,109.12,224.36689209700006
2021,8,31,4.73,98.56,281.8733415232998
2021,9,1,4.59,220.25,210.07052660400012
2021,9,2,4.25,193.69,150.17025901070014
2021,9,3,7.73,166.5,1356.8449008899997
2021,9,4,5.55,196.94,423.61082977700005
2021,9,5,2.92,194.0,4.840323962207002
2021,9,6,4.38,129.38,159.46888967739983
2021,9,7,6.47,162.0,748.7734704540002
2021,9,8,5.41,152.0,337.3257858210001
2021,9,9,4.38,111.81,230.90015898
2021,9,10,5.88,163.62,458.55069552200007
2021,9,11,3.99,115.88,118.21912407831007
2021,9,12,3.14,120.44,1.0752784825000001
2021,9,13,2.73,97.38,1.4153156559489992
2021,9,14,4.47,151.88,165.4026880921999
2021,9,15,4.53,198.88,195.19302717899973
2021,9,16,5.88,199.62,481.3414019799995
2021,9,17,7.25,154.12,1043.304303729
2021,9,18,5.16,157.94,262.32597563
2021,9,19,4.52,176.25,132.23265137799999
2021,9,20,5.09,148.56,280.0531817589999
2021,9,21,3.73,132.69,25.247059965200005
2021,9,22,5.39,106.38,367.7044992150001
2021,9,23,4.21,121.56,100.75287615030007
2021,9,24,2.68,151.56,0.9840764297909996
2021,9,25,2.13,208.06,0.0
2021,9,26,2.38,202.56,1.2091345268559985
2021,9,27,2.49,183.94,0.06179549976699999
2021,9,28,3.0,129.06,3.065062976098
2021,9,29,2.64,101.69,2.79550383594
2021,9,30,4.21,156.19,102.58160163249995
2021,10,1,5.55,147.75,406.86866210400035
2021,10,2,4.26,135.19,141.37972384120008
2021,10,3,2.73,189.06,2.80183143598
2021,10,4,2.12,45.06,0.0
2021,10,5,2.4,91.38,0.5288065008007998
2021,10,6,2.48,226.81,0.0170173685986
2021,10,7,3.38,252.69,9.847369828250002
2021,10,8,3.48,170.94,23.962803583769997
2021,10,9,4.01,140.5,15.970100783
2021,10,10,4.45,109.19,244.8408918590002
2021,10,11,2.95,217.19,6.375077283989999
2021,10,12,4.48,338.12,176.54293765659983
2021,10,13,3.41,329.19,9.108303164229993
2021,10,14,2.74,331.56,0.0
2021,10,15,3.95,253.38,74.05197040629997
2021,10,16,3.81,146.94,44.84241859370004
2021,10,17,5.46,154.0,353.7540521050001
2021,10,18,4.81,141.88,231.0708980019998
2021,10,19,2.73,243.62,3.8612648176928013
2021,10,20,2.95,194.38,5.237412643322
2021,10,21,6.33,138.81,596.7066863909997
2021,10,22,7.84,129.25,1209.4637269740006
2021,10,23,4.99,91.12,443.7675576630003
2021,10,24,5.45,44.5,399.0177328349997
2021,10,25,3.32,311.75,23.572651234499993
2021,10,26,4.96,264.81,250.38065827600025
2021,10,27,3.38,310.0,3.19492486707
2021,10,28,4.35,206.19,172.35604773299997
2021,10,29,2.8,193.62,6.540543966820001
2021,10,30,4.63,311.19,190.74635238299993
2021,10,31,4.72,231.56,224.25891204000018
2021,11,1,4.55,58.31,195.98641204499992
2021,11,2,5.35,174.25,348.66419828700003
2021,11,3,3.71,232.06,55.20403615136998
2021,11,4,4.47,252.31,167.9122019849999
2021,11,5,4.59,66.12,188.388994739
2021,11,6,3.82,271.5,42.2098713286
2021,11,7,4.88,275.5,244.768228756
2021,11,8,1.52,206.81,0.0
2021,11,9,3.73,242.19,52.43309241290004
2021,11,10,4.03,139.94,65.07207195180001
2021,11,11,2.91,283.81,2.4740980006100015
2021,11,12,1.77,264.25,0.0
2021,11,13,2.77,279.88,0.7434312605664999
2021,11,14,4.36,117.62,139.00552401399995
2021,11,15,4.48,251.75,119.82946226399997
2021,11,16,2.95,288.44,3.970300237770998
2021,11,17,2.52,126.31,0.06573645323300002
2021,11,18,2.5,318.44,0.0
2021,11,19,3.5,253.31,15.733276560349998
2021,11,20,2.84,257.88,3.668191449560999
2021,11,21,2.8,218.75,4.593395377856001
2021,11,22,1.8,304.06,0.0
2021,11,23,5.72,237.25,450.1636297670001
2021,11,24,3.88,107.56,135.1178814670999
2021,11,25,2.41,235.56,0.19501539462200002
2021,11,26,4.01,260.38,84.44952953059997
2021,11,27,4.36,87.25,242.6571309000003
2021,11,28,2.34,202.12,0.1682740974
2021,11,29,3.02,246.06,2.6172433326499998
2021,11,30,4.16,290.38,90.46746557680004
2021,12,1,2.52,223.31,0.0523121214
2021,12,2,2.5,338.12,0.0
2021,12,3,1.86,113.25,0.0
2021,12,4,2.87,227.06,0.5381223201
2021,12,5,4.62,140.81,173.43242592800004
2021,12,6,2.53,245.31,0.20744368194000004
2021,12,7,3.05,329.5,2.9682163926699996
2021,12,8,4.54,284.25,174.284912089
2021,12,9,3.42,271.12,20.229756355319005
2021,12,10,1.73,316.94,0.0
2021,12,11,3.06,227.94,11.041971168654
2021,12,12,2.91,148.0,4.104775493679998
2021,12,13,3.27,125.19,22.987329891879995
2021,12,14,3.27,103.38,34.669175871400014
2021,12,15,5.91,175.31,480.66405059699974
2021,12,16,4.36,325.31,130.33320267919996
2021,12,17,3.75,309.38,67.26624397799998
2021,12,18,3.5,283.12,15.494175433799997
2021,12,19,2.46,201.69,0.21690195084
2021,12,20,3.26,246.56,11.596262705273999
2021,12,21,3.2,206.19,12.884071979339994
2021,12,22,3.09,204.88,8.654325065660002
2021,12,23,3.5,237.81,7.639720317779998
2021,12,24,3.56,221.44,54.46729243706004
2021,12,25,3.14,245.88,9.639918211370997
2021,12,26,4.09,61.0,95.34067070740001
2021,12,27,5.18,115.19,381.75364196800024
2021,12,28,4.68,337.75,171.6786894339999
2021,12,29,2.59,329.06,0.23436348438
2021,12,30,3.16,252.62,2.404609718200001
2021,12,31,3.83,320.62,30.825130118360004
2022,1,1,3.42,277.75,27.20527862515999
2022,1,2,2.66,338.06,0.0
2022,1,3,4.46,330.06,131.31848877000004
2022,1,4,4.03,109.12,96.57683944659999
2022,1,5,2.2,131.94,0.0
2022,1,6,1.98,40.0,1.26060379032
2022,1,7,3.45,49.94,31.944153516210026
2022,1,8,6.43,232.88,683.4748181209995
2022,1,9,3.06,200.19,3.01119905733
2022,1,10,6.09,235.44,596.6242590350003
2022,1,11,2.71,337.75,0.0
2022,1,12,4.91,161.62,177.59630187999988
2022,1,13,3.66,337.94,56.82700487280005
2022,1,14,2.74,334.94,0.0
2022,1,15,3.72,230.5,31.38114603371998
2022,1,16,2.76,269.12,0.05710118068329995
2022,1,17,3.98,188.94,84.14321716600001
2022,1,18,4.13,308.31,64.67271626029998
2022,1,19,2.48,181.25,0.05821817770099999
2022,1,20,4.8,290.81,219.30323746940002
2022,1,21,6.7,142.31,537.387555551
2022,1,22,5.23,58.75,329.0992649057997
2022,1,23,4.19,140.12,93.7677996309999
2022,1,24,2.1,221.44,0.02533077002
2022,1,25,2.68,274.19,0.7186118964588003
2022,1,26,3.28,306.19,9.946104355000003
2022,1,27,3.17,215.62,11.709799986517007
2022,1,28,2.76,238.44,0.04159666061
2022,1,29,2.07,132.19,0.0
2022,1,30,4.98,259.06,250.31512102400015
2022,1,31,2.93,111.88,0.0
2022,2,1,2.88,220.31,1.662891762829
2022,2,2,6.62,219.0,705.4632965199997
2022,2,3,6.17,168.69,624.9965051299997
2022,2,4,5.02,141.38,293.93596129899987
2022,2,5,2.99,164.5,2.20321335048
2022,2,6,3.45,114.75,13.230876465360002
2022,2,7,4.63,209.81,151.01773439000002
2022,2,8,3.37,270.56,16.907975919799995
2022,2,9,2.56,228.75,0.39668988674399996
2022,2,10,3.23,208.81,8.252175399819999
2022,2,11,3.88,316.75,72.67530630664001
2022,2,12,3.82,187.88,9.345594024899997
2022,2,13,3.97,109.0,163.3678591129002
2022,2,14,2.41,196.75,0.7321695258850001
2022,2,15,2.53,134.0,0.5467960603440001
2022,2,16,3.48,121.38,39.81876646939002
2022,2,17,6.14,92.88,215.081372083
2022,2,18,2.58,212.44,0.744184040285
2022,2,19,5.06,194.69,245.84143066599998
2022,2,20,4.81,326.88,232.95036881599992
2022,2,21,6.62,284.12,740.0290484699998
2022,2,22,8.41,146.5,1491.1253721799999
2022,2,23,5.86,109.5,477.6116015489999
2022,2,24,4.93,110.94,223.77537812200003
2022,2,25,3.75,87.5,68.18893832265996
2022,2,26,4.92,209.62,200.38913941500002
2022,2,27,3.49,235.62,13.148418221799998
2022,2,28,4.38,254.06,151.4967219228001
2022,3,1,6.48,108.12,630.9342974810002
2022,3,2,1.52,263.88,0.0
2022,3,3,3.95,104.19,168.17345023400011
2022,3,4,4.01,184.75,71.82081566100007
2022,3,5,5.01,265.62,255.08140291699976
2022,3,6,5.02,256.56,296.88091569199986
2022,3,7,7.12,91.88,810.3868305749996
2022,3,8,4.53,293.94,152.41037961700013
2022,3,9,7.31,262.19,838.8606475519998
2022,3,10,6.49,297.19,559.3315325869999
2022,3,11,3.78,227.06,52.915230350200034
2022,3,12,4.16,276.94,123.91979337700013
2022,3,13,5.98,298.12,502.3763036939994
2022,3,14,2.53,185.0,0.5697821800530001
2022,3,15,6.67,277.06,707.2135798549998
2022,3,16,1.78,331.5,0.0
2022,3,17,5.24,227.81,322.95708161100026
2022,3,18,3.9,98.75,174.9204202628397
2022,3,19,5.15,84.31,460.369160005
2022,3,20,3.86,162.75,77.29513430210005
2022,3,21,3.6,116.38,28.115870405118002
2022,3,22,2.88,143.81,10.115655219168001
2022,3,23,4.36,116.31,135.64292435499993
2022,3,24,5.51,216.25,411.51134063700016
2022,3,25,3.28,264.88,12.479160605583997
2022,3,26,4.68,276.5,216.85794480250007
2022,3,27,4.09,104.0,207.25199539180002
2022,3,28,4.18,88.38,109.41070899850003
2022,3,29,8.62,169.81,1682.641528289999
2022,3,30,9.54,272.81,1777.2485473500005
2022,3,31,5.5,288.31,333.5967142603001
2022,4,1,4.41,252.56,153.68507369499991
2022,4,2,5.14,107.31,397.7861105459994
2022,4,3,6.48,254.81,734.2349450690002
2022,4,4,4.29,156.5,128.10820418979992
2022,4,5,1.81,184.31,0.0
2022,4,6,2.7,236.06,0.7053420491156
2022,4,7,4.12,126.44,114.61722686729999
2022,4,8,5.16,110.62,265.8666162109999
2022,4,9,4.63,133.88,94.57881211100006
2022,4,10,4.8,152.75,219.16137956000028
2022,4,11,4.94,129.88,239.5048940969999
2022,4,12,6.63,78.06,736.135781863
2022,4,13,7.84,286.81,1306.5230236299985
2022,4,14,4.05,98.38,91.6108654880999
2022,4,15,5.36,259.0,358.2591647380002
2022,4,16,1.98,151.06,1.31312894825
2022,4,17,1.37,124.44,0.0
2022,4,18,8.16,239.19,1384.8160136800004
2022,4,19,8.96,157.06,1803.3052591000003
2022,4,20,7.61,325.0,1203.8281787650008
2022,4,21,5.45,144.06,367.0164144810001
2022,4,22,5.56,196.12,404.0449203610001
2022,4,23,3.93,127.75,51.45655017689999
2022,4,24,3.34,128.69,30.627436326990015
2022,4,25,4.46,22.19,149.13355583650002
2022,4,26,3.82,142.19,38.39377372740003
2022,4,27,5.06,136.75,301.6942433509997
2022,4,28,7.18,97.75,609.2457934379999
2022,4,29,6.26,142.81,618.7336114630002
2022,4,30,5.45,294.31,320.6395681853999
2022,5,1,5.88,100.44,663.5896786380002
2022,5,2,6.88,111.5,601.0443035879999
2022,5,3,7.05,75.38,858.4908105200004
2022,5,4,8.45,196.12,1635.5773035799994
2022,5,5,4.66,262.94,196.64848038429997
2022,5,6,4.08,154.44,99.63381624352
2022,5,7,4.22,189.75,116.35678770739993
2022,5,8,3.92,236.44,76.40863535689994
2022,5,9,6.7,67.5,595.467108616
2022,5,10,5.88,237.0,528.0072097860002
2022,5,11,3.47,222.12,38.862011757
2022,5,12,4.03,299.0,54.05362720249998
2022,5,13,2.91,231.0,0.5379289388399999
2022,5,14,3.74,271.38,48.159070205700054
2022,5,15,7.68,159.25,1191.922780110001
2022,5,16,6.59,236.0,739.8938605010004
2022,5,17,8.02,159.5,1320.17744277
2022,5,18,5.87,164.44,455.0810089400001
2022,5,19,6.96,98.12,1049.4215153679997
2022,5,20,5.14,326.88,300.2827905190001
2022,5,21,4.36,283.12,101.960971084
2022,5,22,8.5,242.88,1828.1870691999993
2022,5,23,5.7,123.94,462.12986206899944
2022,5,24,6.98,174.44,944.778732303
2022,5,25,4.12,231.31,99.30847233199997
2022,5,26,4.21,212.94,114.41140926219995
2022,5,27,3.34,189.44,25.167197176146004
2022,5,28,4.63,278.62,163.46013979300002
2022,5,29,5.81,133.06,431.1786929439999
2022,5,30,5.77,141.12,469.513464043
2022,5,31,6.36,187.38,670.7303515730003
2022,6,1,5.77,161.44,469.565036009
2022,6,2,6.8,174.5,873.3048413190002
2022,6,3,4.72,185.5,219.84146407899993
2022,6,4,3.21,163.31,24.638519356236003
2022,6,5,4.59,234.81,204.31742738300017
2022,6,6,3.28,269.56,13.324106758725996
2022,6,7,2.19,227.06,0.06112411022
2022,6,8,3.28,288.38,11.039017096260004
2022,6,9,3.72,178.44,35.119284461499944
2022,6,10,8.04,112.0,1433.1173729900004
2022,6,11,5.27,206.12,322.66324007200024
2022,6,12,5.23,147.62,380.93433226400003
2022,6,13,7.65,173.69,1250.9918072299993
2022,6,14,4.8,176.88,217.88970963400018
2022,6,15,4.4,190.12,132.94163702959995
2022,6,16,3.55,173.69,25.778258286799993
2022,6,17,2.68,189.19,2.5761461115199995
2022,6,18,4.24,172.5,112.73446075389997
2022,6,19,5.14,160.75,240.056943812
2022,6,20,5.29,194.81,361.51813997499966
2022,6,21,7.19,99.69,541.3080255339996
2022,6,22,7.48,236.38,1182.9558573660993
2022,6,23,5.71,313.44,415.7696628965001
2022,6,24,5.31,251.56,375.347793891
2022,6,25,4.74,194.19,147.292154845
2022,6,26,6.03,212.56,510.6518054350002
2022,6,27,2.4,177.69,0.030773999700000002
2022,6,28,1.94,204.75,0.0
2022,6,29,5.54,160.44,431.02854951100034
2022,6,30,5.94,120.06,368.98218719100004
2022,7,1,5.12,145.38,271.6294576930002
2022,7,2,5.8,223.69,429.3618066330003
2022,7,3,4.24,154.5,130.64339935909987
2022,7,4,6.06,181.62,543.3974850579998
2022,7,5,6.89,109.56,611.2202948040001
2022,7,6,3.38,134.62,32.620534753589986
2022,7,7,6.07,144.94,580.8614517249998
2022,7,8,3.53,170.88,19.491621485500005
2022,7,9,5.21,179.81,344.3522100940003
2022,7,10,5.63,136.56,447.6769378489997
2022,7,11,2.16,116.06,0.0
2022,7,12,3.57,112.56,76.65272010608999
2022,7,13,1.75,126.25,0.0
2022,7,14,2.62,118.75,0.09957489014
2022,7,15,2.62,122.31,0.09957489014
2022,7,16,2.19,141.5,0.0
2022,7,17,3.05,161.38,7.190750895285003
2022,7,18,6.11,242.62,638.030780026
2022,7,19,5.97,185.38,557.4943096869996
2022,7,20,4.87,188.56,270.0166219959999
2022,7,21,4.27,159.31,130.04254598029996
2022,7,22,3.42,146.06,26.372114244089992
2022,7,23,3.84,74.0,91.90054016530003
2022,7,24,2.8,122.25,0.09142755236399999
2022,7,25,3.9,164.25,76.98770456710001
2022,7,26,4.28,198.56,160.304293446
2022,7,27,2.7,174.88,1.8274661639999998
2022,7,28,2.31,178.81,0.17579124452999997
2022,7,29,1.95,172.31,0.0
2022,7,30,3.92,185.75,81.36733543559998
2022,7,31,3.98,179.44,85.4700026658
2022,8,1,4.06,183.88,106.42679009120008
2022,8,2,1.84,230.56,0.0
2022,8,3,2.12,211.25,0.02533077002
2022,8,4,4.34,205.38,164.306321474
2022,8,5,3.8,165.81,78.16071928029989
2022,8,6,5.31,196.0,375.0154583709999
2022,8,7,4.59,214.69,201.1280746519998
2022,8,8,4.88,176.81,256.04489119999994
2022,8,9,3.01,168.94,2.0959279058400004
2022,8,10,3.21,231.56,9.802958037532001
2022,8,11,5.93,161.19,477.66880737699995
2022,8,12,4.87,173.25,237.98916594300002
2022,8,13,6.61,171.75,712.848997181
2022,8,14,5.96,177.88,553.1286181550003
2022,8,15,3.64,160.75,18.155228072169997
2022,8,16,3.38,142.19,43.52471694939998
2022,8,17,3.32,131.0,2.8738886643
2022,8,18,3.7,228.25,26.39825956404994
2022,8,19,5.7,236.25,472.24092871899984
2022,8,20,4.85,205.62,205.150052047
2022,8,21,4.37,284.62,131.01696808199998
2022,8,22,2.38,272.94,0.0
2022,8,23,2.12,66.19,0.0
2022,8,24,5.01,115.31,333.25793732899984
2022,8,25,2.15,123.12,-0.0001759999059
2022,8,26,4.18,212.75,78.55856420958004
2022,8,27,3.76,294.38,43.9312676534
2022,8,28,3.02,259.31,1.1203688286799995
2022,8,29,3.45,225.44,26.788635635099986
2022,8,30,2.28,211.12,0.0
2022,8,31,2.14,244.06,0.0
2022,9,1,2.31,219.88,0.0
2022,9,2,2.27,212.81,0.0
2022,9,3,1.89,216.25,0.0
2022,9,4,3.05,184.5,2.4972249602203007
2022,9,5,2.51,125.88,0.07285845428500001
2022,9,6,1.95,176.75,0.0
2022,9,7,2.83,191.19,7.704009032610004
2022,9,8,1.13,223.69,0.0
2022,9,9,3.01,214.56,4.272439651039999
2022,9,10,2.13,183.56,0.0
2022,9,11,2.98,137.0,3.403487613160002
2022,9,12,2.1,239.06,0.0
2022,9,13,1.8,306.69,0.0
2022,9,14,2.02,236.0,-0.002218665928
2022,9,15,2.83,183.62,5.6990976862600045
2022,9,16,3.45,182.25,8.784238433440002
2022,9,17,2.91,113.19,4.03237951777
2022,9,18,1.74,270.88,0.0
2022,9,19,3.06,191.19,4.7144324518500005
2022,9,20,4.27,122.19,112.7305310532
2022,9,21,2.23,189.25,0.0
2022,9,22,3.02,175.94,17.006477898550006
2022,9,23,4.44,182.69,83.570218657
2022,9,24,5.98,160.38,530.16302277
2022,9,25,3.52,200.81,15.979289610389996
2022,9,26,4.9,176.25,215.80225541499996
2022,9,27,2.69,212.75,3.7667387937380004
2022,9,28,2.48,175.56,0.06865816949999999
2022,9,29,2.59,175.06,2.6117348625799988
2022,9,30,2.19,147.12,0.0
2022,10,1,3.42,126.25,18.78920094821
2022,10,2,2.34,67.75,0.0
2022,10,3,4.31,93.5,192.2270039299999
2022,10,4,3.27,223.0,38.092185571
2022,10,5,2.28,166.69,0.007448000908
2022,10,6,2.54,100.19,0.9378487451390001
2022,10,7,3.49,178.38,16.09899178525
2022,10,8,5.44,211.88,372.5590536360001
2022,10,9,4.02,185.5,67.00335800579998
2022,10,10,3.66,180.88,18.1308237835
2022,10,11,3.27,181.38,24.04969140959999
2022,10,12,2.08,168.0,0.0
2022,10,13,1.72,198.88,0.0
2022,10,14,2.16,262.06,0.0
2022,10,15,3.38,239.44,27.024583746709986
2022,10,16,3.16,162.5,8.479880113570001
2022,10,17,3.25,167.56,4.673602410110002
2022,10,18,2.66,94.06,0.6234779039979998
2022,10,19,5.9,105.31,573.9626229650004
2022,10,20,5.41,112.69,463.74470183400007
2022,10,21,5.65,195.31,443.1375186180005
2022,10,22,4.14,120.75,118.04985829400007
2022,10,23,2.84,88.31,1.0771726751200001
2022,10,24,3.34,129.12,30.627436326990015
2022,10,25,3.54,178.06,31.42904171111998
2022,10,26,3.52,120.69,25.063352050899997
2022,10,27,3.36,208.56,31.470547309828003
2022,10,28,4.05,130.69,82.09676075319997
2022,10,29,3.01,161.56,4.863586606759999
2022,10,30,3.68,157.44,27.09723685101002
2022,10,31,3.9,99.06,174.51773715683973
2022,11,1,4.73,132.25,210.03373331399996
2022,11,2,3.27,203.06,27.237932271829994
2022,11,3,3.88,226.75,95.73981331099996
2022,11,4,4.41,142.5,173.47412047459994
2022,11,5,2.8,83.94,4.774596863014001
2022,11,6,4.49,132.19,144.69986185339997
2022,11,7,3.77,278.75,56.51042363140004
2022,11,8,4.42,189.62,164.18058943799988
2022,11,9,4.21,113.19,107.87165183369999
2022,11,10,3.14,246.75,8.976187952730996
2022,11,11,4.8,326.0,222.84895936400005
2022,11,12,3.64,208.75,51.98248321550004
2022,11,13,4.7,89.12,414.97791128869983
2022,11,14,5.29,95.38,503.25706331499964
2022,11,15,5.27,337.56,313.3386816409997
2022,11,16,3.67,308.06,49.82439453140001
2022,11,17,4.3,308.19,120.66049728079996
2022,11,18,4.05,242.56,85.98440352620008
2022,11,19,6.27,197.81,595.0435397369997
2022,11,20,4.95,326.56,235.75144970300036
2022,11,21,4.58,320.0,179.55553951339996
2022,11,22,4.72,315.5,188.830572787
2022,11,23,3.4,258.19,9.050049643978989
2022,11,24,4.19,208.31,93.86512379819999
2022,11,25,2.44,211.5,0.0
2022,11,26,3.24,278.31,6.532572839281701
2022,11,27,2.09,299.38,0.0
2022,11,28,1.67,160.75,0.0
2022,11,29,2.4,237.69,0.0
2022,11,30,1.66,239.94,0.0
2022,12,1,1.82,201.62,0.0
2022,12,2,2.53,180.75,0.10302746776399997
2022,12,3,3.88,159.5,80.13163112910007
2022,12,4,4.07,242.38,85.66453122569997
2022,12,5,2.79,217.69,4.55563823228
2022,12,6,3.27,281.44,14.251562881360005
2022,12,7,3.59,321.06,32.853302987909984
2022,12,8,6.88,61.56,824.4566229130005
2022,12,9,4.94,91.88,456.7076322900006
2022,12,10,5.89,86.19,819.3153586200002
2022,12,11,3.52,207.38,8.589960155359996
2022,12,12,5.16,334.62,306.83317596299986
2022,12,13,3.48,324.19,10.170821742799996
2022,12,14,3.73,302.56,42.034999487680025
2022,12,15,3.22,298.88,9.169114889840003
2022,12,16,4.12,274.62,97.91464554911693
2022,12,17,2.67,234.69,1.0960803726223995
2022,12,18,1.96,150.44,0.015227965078199995
2022,12,19,1.27,221.31,0.0
2022,12,20,2.17,226.81,0.1228088846393
2022,12,21,3.45,313.19,21.71681490856999
2022,12,22,2.79,306.81,0.29059317589
2022,12,23,2.66,273.0,0.5960597936988
2022,12,24,2.44,263.12,0.02459798098
2022,12,25,2.32,283.5,0.13717071532
2022,12,26,2.45,322.06,0.0
2022,12,27,2.89,305.75,0.3165595555200003
2022,12,28,4.45,277.12,144.37019378499997
2022,12,29,4.11,175.56,67.76797416509999
2022,12,30,2.27,247.25,0.0
2022,12,31,4.03,309.5,69.74886821319997
2023,1,1,3.84,236.12,75.38322452239993
2023,1,2,1.62,182.12,0.0
2023,1,3,3.03,240.75,11.343375672950003
2023,1,4,3.16,281.31,2.2730504514000005
2023,1,5,2.5,274.38,0.0
2023,1,6,3.46,262.38,7.412672585250001
2023,1,7,4.6,311.31,179.68406922000003
2023,1,8,4.09,339.62,111.62136541150008
2023,1,9,6.6,324.56,699.5619538345999
2023,1,10,2.23,279.75,0.0
2023,1,11,5.37,199.62,338.0126499950001
2023,1,12,8.06,252.25,1264.6920738999988
2023,1,13,6.98,326.38,910.7133545170004
2023,1,14,4.27,317.12,78.11760933220006
2023,1,15,3.17,317.06,18.995107662648998
2023,1,16,4.11,328.0,55.37840645680002
2023,1,17,2.17,322.06,0.0
2023,1,18,3.4,257.62,8.906754696722992
2023,1,19,4.07,275.88,74.64092603217003
2023,1,20,2.64,243.56,0.9793287187067997
2023,1,21,5.23,200.62,349.23018617199983
2023,1,22,4.9,316.25,249.33664797690008
2023,1,23,3.83,343.38,41.9654560492
2023,1,24,4.68,336.06,170.25933945899993
2023,1,25,2.76,242.62,9.928341593907794
2023,1,26,3.27,330.31,19.7417709908
2023,1,27,3.66,333.38,58.10127703840004
2023,1,28,4.12,305.38,94.27970502580007
2023,1,29,8.26,165.38,1426.7563796400018
2023,1,30,5.3,158.75,386.61338011699974
2023,1,31,2.67,338.38,0.0
